split,threshold,rows,fraud_count,fraud_rate,roc_auc,pr_auc,precision,recall,f1,f2,balanced_accuracy,review_rate,predicted_positive,tn,fp,fn,tp
train_threshold_05,0.5,70000,1783,0.025471428571428572,0.9992053829145454,0.971587575111706,0.5165313225058005,0.9988782950084127,0.680940546740585,0.8416824196597353,0.9872207855123275,0.04925714285714286,3448,66550,1667,2,1781
