split,threshold,rows,fraud_count,fraud_rate,roc_auc,pr_auc,precision,recall,f1,f2,balanced_accuracy,review_rate,predicted_positive,tn,fp,fn,tp
test,0.62,15000,388,0.025866666666666666,0.8973358290460319,0.6791932776045824,0.5017421602787456,0.7422680412371134,0.5987525987525988,0.6773283160865475,0.8613475437502294,0.038266666666666664,574,14326,286,100,288
