split,threshold,rows,fraud_count,fraud_rate,roc_auc,pr_auc,precision,recall,f1,f2,balanced_accuracy,review_rate,predicted_positive,tn,fp,fn,tp
train_threshold_05,0.5,70000,1783,0.025471428571428572,0.8950924900990013,0.5532470958041648,0.1229623500206868,0.833426808749299,0.21430631670031727,0.38663683197169174,0.8390274903063087,0.17264285714285715,12085,57618,10599,297,1486
