split,threshold,rows,fraud_count,fraud_rate,roc_auc,pr_auc,precision,recall,f1,f2,balanced_accuracy,review_rate,predicted_positive,tn,fp,fn,tp
test,0.74,15000,388,0.025866666666666666,0.8978335840334593,0.6967035505049677,0.5264116575591985,0.7448453608247423,0.6168623265741728,0.6877677296525464,0.8635258832593462,0.0366,549,14352,260,99,289
