split,threshold,rows,fraud_count,fraud_rate,roc_auc,pr_auc,precision,recall,f1,f2,balanced_accuracy,review_rate,predicted_positive,tn,fp,fn,tp
train_threshold_05,0.5,70000,1783,0.025471428571428572,0.9936024239759249,0.8549241115526913,0.33863151773599537,0.9798093101514301,0.5033131662345145,0.7106826132942804,0.9648962260917375,0.0737,5159,64805,3412,36,1747
