fraud,count,rate
0,97451,0.97451
1,2549,0.02549
