review_capacity,selected_threshold_from_validation,validation_precision,validation_recall,validation_f2,validation_review_rate,test_precision,test_recall,test_f1,test_f2,test_review_rate,test_tp,test_fp,test_fn,test_tn
0.03,0.73,0.5750577367205543,0.6587301587301587,0.6401028277634961,0.0288666666666666,0.5725971370143149,0.7216494845360825,0.6385404789053591,0.6859382655560999,0.0326,280,209,108,14403
0.05,0.66,0.497196261682243,0.7037037037037037,0.6497313141182218,0.0356666666666666,0.5008319467554077,0.7757731958762887,0.6086956521739131,0.6990246168137483,0.04006666666666667,301,300,87,14312
0.1,0.66,0.497196261682243,0.7037037037037037,0.6497313141182218,0.0356666666666666,0.5008319467554077,0.7757731958762887,0.6086956521739131,0.6990246168137483,0.04006666666666667,301,300,87,14312
