split,threshold,rows,fraud_count,fraud_rate,roc_auc,pr_auc,precision,recall,f1,f2,balanced_accuracy,review_rate,predicted_positive,tn,fp,fn,tp
train_threshold_05,0.5,70000,1783,0.025471428571428572,0.9930057006643649,0.848930759429515,0.33295019157088124,0.9747616376892877,0.49635870341282307,0.7035297927461139,0.9618593212707254,0.07457142857142857,5220,64735,3482,45,1738
