split,threshold,rows,fraud_count,fraud_rate,roc_auc,pr_auc,precision,recall,f1,f2,balanced_accuracy,review_rate,predicted_positive,tn,fp,fn,tp
test,0.71,15000,388,0.025866666666666666,0.8998558239097366,0.6929388993580036,0.47665056360708535,0.7628865979381443,0.5867195242814668,0.6810860561435803,0.8703223025277911,0.0414,621,14287,325,92,296
