split,threshold,rows,fraud_count,fraud_rate,roc_auc,pr_auc,precision,recall,f1,f2,balanced_accuracy,review_rate,predicted_positive,tn,fp,fn,tp
validation_best_threshold,0.77,15000,378,0.0252,0.8717877460867475,0.506010211050568,0.3768996960486322,0.656084656084656,0.47876447876447875,0.5714285714285714,0.8140223581339707,0.043866666666666665,658,14212,410,130,248
