split,threshold,rows,fraud_count,fraud_rate,roc_auc,pr_auc,precision,recall,f1,f2,balanced_accuracy,review_rate,predicted_positive,tn,fp,fn,tp
test,0.77,15000,388,0.025866666666666666,0.8951954120465879,0.5332376749673197,0.4044776119402985,0.6984536082474226,0.5122873345935728,0.6098109810981098,0.8355736423388769,0.04466666666666667,670,14213,399,117,271
