split,threshold,rows,fraud_count,fraud_rate,roc_auc,pr_auc,precision,recall,f1,f2,balanced_accuracy,review_rate,predicted_positive,tn,fp,fn,tp
train_threshold_05,0.5,70000,1783,0.025471428571428572,0.993647774289876,0.8566453431579854,0.338306529742298,0.9792484576556366,0.5028801843317973,0.7101602538029773,0.9645938111899861,0.07372857142857143,5161,64802,3415,37,1746
