split,threshold,rows,fraud_count,fraud_rate,roc_auc,pr_auc,precision,recall,f1,f2,balanced_accuracy,review_rate,predicted_positive,tn,fp,fn,tp
test,0.73,15000,388,0.025866666666666666,0.8974296652095016,0.6944490781860604,0.5132275132275133,0.75,0.6094240837696335,0.6866446436998584,0.8655557076375582,0.0378,567,14336,276,97,291
