split,threshold,rows,fraud_count,fraud_rate,roc_auc,pr_auc,precision,recall,f1,f2,balanced_accuracy,review_rate,predicted_positive,tn,fp,fn,tp
validation_threshold_05,0.5,15000,378,0.0252,0.8723345050112934,0.6404361522182133,0.27204502814258913,0.7671957671957672,0.40166204986149584,0.5624515128006207,0.8570625259176756,0.07106666666666667,1066,13846,776,88,290
