split,threshold,rows,fraud_count,fraud_rate,roc_auc,pr_auc,precision,recall,f1,f2,balanced_accuracy,review_rate,predicted_positive,tn,fp,fn,tp
validation_best_threshold,0.74,15000,378,0.0252,0.8723345050112934,0.6404361522182133,0.5244897959183673,0.6798941798941799,0.5921658986175116,0.6418581418581418,0.8319796436333162,0.03266666666666666,490,14389,233,121,257
