split,threshold,rows,fraud_count,fraud_rate,roc_auc,pr_auc,precision,recall,f1,f2,balanced_accuracy,review_rate,predicted_positive,tn,fp,fn,tp
train_threshold_05,0.5,70000,1783,0.025471428571428572,0.9935220003408509,0.8539001559939782,0.3366775998456492,0.978687605159843,0.5010048808498421,0.7084855866829071,0.9641448052625372,0.07404285714285715,5183,64779,3438,38,1745
