split,threshold,rows,fraud_count,fraud_rate,roc_auc,pr_auc,precision,recall,f1,f2,balanced_accuracy,review_rate,predicted_positive,tn,fp,fn,tp
validation_best_threshold,0.76,15000,378,0.0252,0.8773503215781976,0.6415791879874052,0.5460385438972163,0.6746031746031746,0.6035502958579881,0.6442647801920162,0.8300522370075099,0.031133333333333332,467,14410,212,123,255
