split,threshold,rows,fraud_count,fraud_rate,roc_auc,pr_auc,precision,recall,f1,f2,balanced_accuracy,review_rate,predicted_positive,tn,fp,fn,tp
test,0.76,15000,388,0.025866666666666666,0.8988426755582898,0.6921768069267438,0.54296875,0.7164948453608248,0.6177777777777778,0.6734496124031008,0.8502403052426899,0.034133333333333335,512,14378,234,110,278
