split,threshold,rows,fraud_count,fraud_rate,roc_auc,pr_auc,precision,recall,f1,f2,balanced_accuracy,review_rate,predicted_positive,tn,fp,fn,tp
validation_threshold_05,0.5,15000,378,0.0252,0.8773503215781976,0.6415791879874052,0.2722117202268431,0.7619047619047619,0.4011142061281337,0.5603112840466926,0.8546221935635148,0.07053333333333334,1058,13852,770,90,288
