split,threshold,rows,fraud_count,fraud_rate,roc_auc,pr_auc,precision,recall,f1,f2,balanced_accuracy,review_rate,predicted_positive,tn,fp,fn,tp
train_threshold_05,0.5,70000,1783,0.025471428571428572,0.8950925723149439,0.5532406859461314,0.1229420038057417,0.833426808749299,0.21427541456380678,0.3865965971174359,0.839012831203739,0.17267142857142856,12087,57616,10601,297,1486
