split,threshold,rows,fraud_count,fraud_rate,roc_auc,pr_auc,precision,recall,f1,f2,balanced_accuracy,review_rate,predicted_positive,tn,fp,fn,tp
validation_threshold_05,0.5,15000,378,0.0252,0.8717877460867475,0.506010211050568,0.1178516228748068,0.8068783068783069,0.20566419420094403,0.3719512195121951,0.8253718575835933,0.17253333333333334,2588,12339,2283,73,305
