split,threshold,rows,fraud_count,fraud_rate,roc_auc,pr_auc,precision,recall,f1,f2,balanced_accuracy,review_rate,predicted_positive,tn,fp,fn,tp
validation_best_threshold,0.63,15000,378,0.0252,0.8771936395038569,0.6289427958653492,0.4473684210526316,0.7195767195767195,0.5517241379310345,0.6415094339622641,0.8482988234732183,0.04053333333333333,608,14286,336,106,272
