split,threshold,rows,fraud_count,fraud_rate,roc_auc,pr_auc,precision,recall,f1,f2,balanced_accuracy,review_rate,predicted_positive,tn,fp,fn,tp
train_threshold_05,0.5,70000,1783,0.025471428571428572,0.9970088072430864,0.9180090583691289,0.42409003831417624,0.9932697700504767,0.5943950327236114,0.7830739299610895,0.9790073141851252,0.05965714285714286,4176,65812,2405,12,1771
