split,threshold,rows,fraud_count,fraud_rate,roc_auc,pr_auc,precision,recall,f1,f2,balanced_accuracy,review_rate,predicted_positive,tn,fp,fn,tp
validation_threshold_05,0.5,15000,378,0.0252,0.8771936395038569,0.6289427958653492,0.32342857142857145,0.7486772486772487,0.45171588188347966,0.5927943024717218,0.8540951555928987,0.058333333333333334,875,14030,592,95,283
