split,threshold,rows,fraud_count,fraud_rate,roc_auc,pr_auc,precision,recall,f1,f2,balanced_accuracy,review_rate,predicted_positive,tn,fp,fn,tp
test,0.63,15000,388,0.025866666666666666,0.8970435611459019,0.6802474771673515,0.44780635400907715,0.7628865979381443,0.5643469971401335,0.6687754179846362,0.8689535645042488,0.044066666666666664,661,14247,365,92,296
