split,threshold,rows,fraud_count,fraud_rate,roc_auc,pr_auc,precision,recall,f1,f2,balanced_accuracy,review_rate,predicted_positive,tn,fp,fn,tp
train_threshold_05,0.5,70000,1783,0.025471428571428572,0.983632968102985,0.7768608397976619,0.2621468926553672,0.9108244531688166,0.407119578841815,0.6092894124709237,0.921908847661266,0.0885,6195,63646,4571,159,1624
