split,threshold,rows,fraud_count,fraud_rate,roc_auc,pr_auc,precision,recall,f1,f2,balanced_accuracy,review_rate,predicted_positive,tn,fp,fn,tp
validation_threshold_05,0.5,15000,378,0.0252,0.8736693783882952,0.6385245165462675,0.22953328232593725,0.7936507936507936,0.3560830860534125,0.5321035828307911,0.862390982928529,0.08713333333333333,1307,13615,1007,78,300
