split,threshold,rows,fraud_count,fraud_rate,roc_auc,pr_auc,precision,recall,f1,f2,balanced_accuracy,review_rate,predicted_positive,tn,fp,fn,tp
validation_best_threshold,0.74,15000,378,0.0252,0.8736693783882952,0.6385245165462675,0.4863883847549909,0.708994708994709,0.5769644779332616,0.6495395055744062,0.8448201557557322,0.03673333333333333,551,14339,283,110,268
