split,threshold,rows,fraud_count,fraud_rate,roc_auc,pr_auc,precision,recall,f1,f2,balanced_accuracy,review_rate,predicted_positive,tn,fp,fn,tp
test,0.74,15000,388,0.025866666666666666,0.8990135914274667,0.6820393577285822,0.47596153846153844,0.7654639175257731,0.5869565217391305,0.6824448529411765,0.8715425254204283,0.0416,624,14285,327,91,297
