split,threshold,rows,fraud_count,fraud_rate,roc_auc,pr_auc,precision,recall,f1,f2,balanced_accuracy,review_rate,predicted_positive,tn,fp,fn,tp
validation_threshold_05,0.5,15000,378,0.0252,0.8680496302230675,0.4554457850386111,0.11673753382296095,0.798941798941799,0.20370994940978077,0.3683825323249573,0.8213352135182255,0.17246666666666666,2587,12337,2285,76,302
