split,threshold,rows,fraud_count,fraud_rate,roc_auc,pr_auc,precision,recall,f1,f2,balanced_accuracy,review_rate,predicted_positive,tn,fp,fn,tp
train_threshold_05,0.5,70000,1783,0.025471428571428572,0.902775537050775,0.5060040273864599,0.12526061212576098,0.8424004486819966,0.218092057499637,0.3927208074046959,0.8443205609139933,0.1713,11991,57728,10489,281,1502
