split,threshold,rows,fraud_count,fraud_rate,roc_auc,pr_auc,precision,recall,f1,f2,balanced_accuracy,review_rate,predicted_positive,tn,fp,fn,tp
test,0.76,15000,388,0.025866666666666666,0.887131499036239,0.4487926220673137,0.35924932975871315,0.6907216494845361,0.47266313932980597,0.5831157528285466,0.8290044053609376,0.04973333333333333,746,14134,478,120,268
