split,threshold,rows,fraud_count,fraud_rate,roc_auc,pr_auc,precision,recall,f1,f2,balanced_accuracy,review_rate,predicted_positive,tn,fp,fn,tp
test,0.66,15000,388,0.025866666666666666,0.9010095501226221,0.7027483179633467,0.5008319467554077,0.7757731958762887,0.6086956521739131,0.6990246168137483,0.8776210627615771,0.04006666666666667,601,14312,300,87,301
