split,threshold,rows,fraud_count,fraud_rate,roc_auc,pr_auc,precision,recall,f1,f2,balanced_accuracy,review_rate,predicted_positive,tn,fp,fn,tp
validation_threshold_05,0.5,15000,378,0.0252,0.8716386629120867,0.6498549270819864,0.3373205741626794,0.746031746031746,0.4645799011532125,0.600511073253833,0.8540718161153122,0.055733333333333336,836,14068,554,96,282
