split,threshold,rows,fraud_count,fraud_rate,roc_auc,pr_auc,precision,recall,f1,f2,balanced_accuracy,review_rate,predicted_positive,tn,fp,fn,tp
validation_best_threshold,0.66,15000,378,0.0252,0.8716386629120867,0.6498549270819864,0.497196261682243,0.7037037037037037,0.5826944140197152,0.6497313141182218,0.8426533837900272,0.035666666666666666,535,14353,269,112,266
