split,threshold,rows,fraud_count,fraud_rate,roc_auc,pr_auc,precision,recall,f1,f2,balanced_accuracy,review_rate,predicted_positive,tn,fp,fn,tp
train_threshold_05,0.5,70000,1783,0.025471428571428572,0.9982592665116188,0.9398717887315318,0.4458343757818364,0.9994391475042064,0.6166089965397924,0.8006110162638153,0.9834846176561154,0.0571,3997,66002,2215,1,1782
