split,threshold,rows,fraud_count,fraud_rate,roc_auc,pr_auc,precision,recall,f1,f2,balanced_accuracy,review_rate,predicted_positive,tn,fp,fn,tp
test,0.68,15000,388,0.025866666666666666,0.8969906460161258,0.6848338937603257,0.4922813036020583,0.7396907216494846,0.5911431513903193,0.6721311475409836,0.8597166994505293,0.03886666666666667,583,14316,296,101,287
