split,threshold,rows,fraud_count,fraud_rate,roc_auc,pr_auc,precision,recall,f1,f2,balanced_accuracy,review_rate,predicted_positive,tn,fp,fn,tp
validation_threshold_05,0.5,15000,378,0.0252,0.8747767370903741,0.6333297667447622,0.31797752808988766,0.7486772486772487,0.44637223974763407,0.5890924229808493,0.8535822298645441,0.059333333333333335,890,14015,607,95,283
