split,threshold,rows,fraud_count,fraud_rate,roc_auc,pr_auc,precision,recall,f1,f2,balanced_accuracy,review_rate,predicted_positive,tn,fp,fn,tp
train_threshold_05,0.5,70000,1783,0.025471428571428572,0.9969112744703524,0.916732405897453,0.42142857142857143,0.9927089175546832,0.5916764165134548,0.7809742322626191,0.9785436491551067,0.06,4200,65787,2430,13,1770
