split,threshold,rows,fraud_count,fraud_rate,roc_auc,pr_auc,precision,recall,f1,f2,balanced_accuracy,review_rate,predicted_positive,tn,fp,fn,tp
validation_best_threshold,0.62,15000,378,0.0252,0.8750489405324586,0.6294444702798447,0.5089463220675944,0.6772486772486772,0.5811577752553916,0.6352357320099256,0.8301781616307673,0.03353333333333333,503,14375,247,122,256
