error_type,count,ratio
TN,14312,0.9541333333333334
TP,301,0.020066666666666667
FP,300,0.02
FN,87,0.0058
