split,threshold,rows,fraud_count,fraud_rate,roc_auc,pr_auc,precision,recall,f1,f2,balanced_accuracy,review_rate,predicted_positive,tn,fp,fn,tp
test,0.74,15000,388,0.025866666666666666,0.898261843817114,0.6955886028065746,0.5244122965641953,0.7474226804123711,0.6163655685441021,0.6888361045130641,0.8647118877013951,0.036866666666666666,553,14349,263,98,290
