split,threshold,rows,fraud_count,fraud_rate,roc_auc,pr_auc,precision,recall,f1,f2,balanced_accuracy,review_rate,predicted_positive,tn,fp,fn,tp
validation_best_threshold,0.74,15000,378,0.0252,0.8701700850859653,0.6422338675747198,0.5168316831683168,0.6904761904761905,0.5911664779161948,0.6470004957858205,0.8368945033901949,0.033666666666666664,505,14378,244,117,261
