split,threshold,rows,fraud_count,fraud_rate,roc_auc,pr_auc,precision,recall,f1,f2,balanced_accuracy,review_rate,predicted_positive,tn,fp,fn,tp
validation_threshold_05,0.5,15000,378,0.0252,0.8701700850859653,0.6422338675747198,0.277516462841016,0.7804232804232805,0.40943789035392086,0.5728155339805825,0.8639498429198881,0.07086666666666666,1063,13854,768,83,295
