split,threshold,rows,fraud_count,fraud_rate,roc_auc,pr_auc,precision,recall,f1,f2,balanced_accuracy,review_rate,predicted_positive,tn,fp,fn,tp
train_threshold_05,0.5,70000,1783,0.025471428571428572,0.993167452309882,0.849449062075548,0.33339727604066755,0.9747616376892877,0.4968553459119497,0.7039287160793843,0.9619106281297194,0.07447142857142858,5213,64742,3475,45,1738
