{
  "model_path": "E:\\fraud-detection-project\\models\\logistic_regression_pipeline.joblib",
  "selected_threshold": 0.76,
  "selected_threshold_metric": "f2",
  "model_config": {
    "model_name": "logistic_regression",
    "class_weight": "balanced",
    "C": 1.0,
    "use_rare_category_grouping": true,
    "min_frequency": 50,
    "threshold_metric": "f2",
    "numeric_features": 19,
    "categorical_features": 21,
    "binary_features": 10,
    "interaction_features": 8
  },
  "train_metrics_threshold_05": {
    "split": "train",
    "threshold": 0.5,
    "rows": 70000,
    "fraud_count": 1783,
    "fraud_rate": 0.025471428571428572,
    "roc_auc": 0.902775537050775,
    "pr_auc": 0.5060040273864599,
    "precision": 0.12526061212576098,
    "recall": 0.8424004486819966,
    "f1": 0.218092057499637,
    "f2": 0.3927208074046959,
    "balanced_accuracy": 0.8443205609139933,
    "review_rate": 0.1713,
    "predicted_positive": 11991,
    "tn": 57728,
    "fp": 10489,
    "fn": 281,
    "tp": 1502
  },
  "validation_metrics_threshold_05": {
    "split": "validation",
    "threshold": 0.5,
    "rows": 15000,
    "fraud_count": 378,
    "fraud_rate": 0.0252,
    "roc_auc": 0.8680496302230675,
    "pr_auc": 0.4554457850386111,
    "precision": 0.11673753382296095,
    "recall": 0.798941798941799,
    "f1": 0.20370994940978077,
    "f2": 0.3683825323249573,
    "balanced_accuracy": 0.8213352135182255,
    "review_rate": 0.17246666666666666,
    "predicted_positive": 2587,
    "tn": 12337,
    "fp": 2285,
    "fn": 76,
    "tp": 302
  },
  "validation_metrics_best_threshold": {
    "split": "validation_best_threshold",
    "threshold": 0.76,
    "rows": 15000,
    "fraud_count": 378,
    "fraud_rate": 0.0252,
    "roc_auc": 0.8680496302230675,
    "pr_auc": 0.4554457850386111,
    "precision": 0.3253333333333333,
    "recall": 0.6455026455026455,
    "f1": 0.4326241134751773,
    "f2": 0.5393457117595049,
    "balanced_accuracy": 0.8054486281814964,
    "review_rate": 0.05,
    "predicted_positive": 750,
    "tn": 14116,
    "fp": 506,
    "fn": 134,
    "tp": 244
  },
  "test_metrics": {
    "split": "test",
    "threshold": 0.76,
    "rows": 15000,
    "fraud_count": 388,
    "fraud_rate": 0.025866666666666666,
    "roc_auc": 0.887131499036239,
    "pr_auc": 0.4487926220673137,
    "precision": 0.35924932975871315,
    "recall": 0.6907216494845361,
    "f1": 0.47266313932980597,
    "f2": 0.5831157528285466,
    "balanced_accuracy": 0.8290044053609376,
    "review_rate": 0.04973333333333333,
    "predicted_positive": 746,
    "tn": 14134,
    "fp": 478,
    "fn": 120,
    "tp": 268
  }
}